{
    "train": {
        "accuracy": 0.9658451080322266,
        "loss": 1.219946265220642
    },
    "step": 1652
}